topic-id,cord-id
1,dv9m19yk
1,gv1k7u7j
1,u7u75sl0
1,4dtk1kyh
1,3wt04p0w
1,4ilpph77
1,wmfcey6f
1,6foz003n
1,73xil5op
1,hsowmxan
1,0paafp5j
1,96zsd27n
1,utsr0zv7
1,rge5wxka
1,hrdfyd8h
1,jkejiuf2
1,sbp18486
1,z14rf85c
1,hfkzu18p
1,zd7smm8r
1,kqqantwg
1,12dcftwt
1,qzt5vwge
1,1mjaycee
1,8ccl9aui
1,a7w6lael
1,47pszpgp
1,hrdfyd8h
1,igw288oj
1,cnxybwfb
1,beguhous
1,v9f5jck9
1,v6dfel3l
1,k2sz4tn2
1,wuegn0jg
1,t3upqa3a
1,gy8d8285
1,fcp766qu
1,l2t64714
1,o44ewpfy
1,n8e2n30b
1,4uaa6kpg
1,es7q6c90
1,sigbm70i
1,30j0auua
1,fybo3ltn
1,w7hezm6e
1,ec8lpgl3
1,z98g08y5
1,dk3yn65n
1,ekbi2fg9
1,c6yrtwq9
1,c6yrtwq9
1,e3wjo0yk
1,zm7mdwvd
1,o1evnvw6
1,lli6mt29
1,3t4ukbn9
1,v0xp9pdo
1,xqqn1t4e
1,dvywqt3y
1,9ztjg91j
1,vp5358rr
1,80e5xkht
1,vs6ev73e
1,d0x23frk
1,t7gpi2vo
1,9dj07sac
1,021q9884
1,v8i97mbx
1,e53b0hj6
1,d11cj86k
1,5aazi299
1,0x2xh96e
1,tj4pn38j
1,6iu1dtyl
1,pny37tno
1,hywvmdjb
1,l5ihrxsd
1,eb7t7c9f
1,0gctessh
1,kx5hihnr
1,ckuk8bmq
1,2vpvdm11
1,deajwhx0
1,apqizr54
1,mdmystt9
1,ea3u0ggy
1,wim5q9a5
1,ivcee8l2
1,ab757i3f
1,j56v40u3
1,fyrrwy9v
1,dtv7to3l
1,d6by9p41
1,m2v4lzgn
1,2dgzg7uf
1,1ag9jkk6
1,bgialj4d
1,07b6aert
2,h5ufxzv9
2,kftchnhz
2,526elsrf
2,w67cryfp
2,hr3vkjh3
2,og0zw56h
2,2p9j4ksy
2,lv8dvdp7
2,1llox90t
2,exqza1kg
2,esfvjz3j
2,5g0almil
2,nzz852lx
2,ynvw6i4t
2,eoykmhv3
2,y08iot2a
2,ghesbyfr
2,hra8otj5
2,39yvniki
2,r9scxa76
2,q9ab1pji
2,t4gh9mdu
2,hvpzqdyh
2,fj3a2y1o
2,jxa9h27b
2,r141na6j
2,be7gxvl7
2,0x4zrfw3
2,3sencqst
2,qu8s3fgl
2,b0wd2jd3
2,6a9to2w9
2,ra9shnje
2,jc1k3fki
2,r1yjphnn
2,60509txd
2,x9d17j5x
2,hdgtw8wu
2,124czudi
2,rnn8wr50
2,xcfk4efo
2,kzv9cmr1
2,3svnvozz
2,mxprt6x6
2,vknvwn57
2,o8szlx3y
2,46lxtujx
2,jx1wa2u3
2,dhg5k2au
2,9tqivs5f
2,kcvtvki1
2,ji8gkfv2
2,2le1w7xt
2,94xsyvux
2,90p1vlkh
2,81cbschl
2,tvor9ogd
2,z4qcegrb
2,b7j6bwv7
2,zespmk29
2,zvngy7zz
2,vbgf50os
2,ysa8vb9x
2,ypnjry76
2,wwjbzj1g
2,xb4l8nzy
2,o72ls2my
2,ttfmm946
2,xcacty89
2,n1nh1fhu
2,5cdqh8ep
2,v13kzr5y
2,5a3e3zkh
2,ad5tji4j
2,ktb3s62l
2,tnecig63
2,orjzq0kk
2,au9pyflh
2,ybvfkupu
2,uj1ii0bh
2,4k7pn5o0
2,1275u489
2,q9ab1pji
2,8tm6s8ba
2,amzc5yrd
2,01yc7lzk
2,a3groawt
2,cxgm2sw2
2,3dclcu47
2,rt6x7vkp
2,k6ehxh8i
2,pbf11zy1
2,z96g2jss
2,6ha0t7s3
2,lu11wvcm
2,ig6n3bt2
2,xs1y4zp4
2,k38xlki3
2,sc2j2os0
2,rkhrusdc
3,eo4ehcjv
3,rq5nqm92
3,yzffm05r
3,6q92742u
3,6efdyufo
3,x21g6i3g
3,hrfbygub
3,6ymo5b3a
3,1nzheyci
3,z33e58tb
3,dsmne0xd
3,7ggdm8vc
3,kwcyprgl
3,ixsqef8h
3,cirzyldz
3,okjxolym
3,v3q9tvyv
3,f5p37j7g
3,kxsy16bc
3,wh9vvgv2
3,l5oaxugi
3,7iaq4c1j
3,j0suk34b
3,bal3g2z7
3,ccy9vqcb
3,rz51n7tc
3,g6w27q0g
3,xfoy3i7d
3,eu80ccm6
3,99o9te4j
3,o8x0reqz
3,xmk8rq9d
3,rsz7ch2a
3,rxornpqu
3,jer97zyu
3,jdu4h00e
3,ety31hy9
3,m43n6ff7
3,cpp5zzgx
3,pkqlhp07
3,rhhafruq
3,nokse33p
3,ikjivfce
3,g30nnxat
3,3894l9qi
3,x5jfr9u0
3,f02up4jt
3,svwkcuxf
3,1zqq2e8z
3,0v2labnn
3,rwxjlhid
3,aw3jzycc
3,cov6ip06
3,nbuvbrly
3,b5pebtwm
3,d4edwzcq
3,ftxgcgkb
3,fcesp0s5
3,wobsyenq
3,hzhj4137
3,th2ndfyo
3,tjmx6msm
3,slxdonqi
3,sb368dlw
3,xys0g8b8
3,bmwgq7py
3,sulnqauk
3,04e6wvov
3,s7bpoly0
3,3mtkkvgq
3,azk7dfub
3,1n127fkf
3,w1l8h8g8
3,ch3h3pcx
3,55gi6gyx
3,tviae92v
3,b8a94hoj
3,am3u7z76
3,f4hj35dr
3,ea0pgm9z
3,dqs21e0q
3,lrmpdswm
3,fnjer0e0
3,5c0psdbp
3,dptgg05n
3,p1il9b9x
3,b8btifr9
3,yj6i98eg
3,20b39utr
3,d4xqesic
3,3u01pn66
3,rwf78stz
3,jh9y3zc4
3,ozypr80c
3,1waejlwb
3,ikitfme7
3,iamqqyh8
3,o8nqj5h6
3,1ylqo0dy
3,s4g4g80w
4,z2uc49n6
4,2cwvga0k
4,igw288oj
4,bfiexe8e
4,tykc6a45
4,0x2xh96e
4,ea3u0ggy
4,l5ihrxsd
4,8qp5bdns
4,8qp5bdns
4,gj7qjav8
4,1qhe325v
4,a1lpume8
4,s5k2c47k
4,dtlwjndn
4,9pdakwmb
4,u37nvqn8
4,r14hb7z1
4,lizwiate
4,38bqkxn5
4,y8oyg27b
4,zokkm0os
4,w71zqqv7
4,6g0wjfmx
4,8yr2fuu0
4,jsyao6qu
4,idhr2upe
4,o44ewpfy
4,n8e2n30b
4,e1jjjrm8
4,cureysw2
4,gd5btv69
4,wuaxatrb
4,n95j94ck
4,c0pzjq4a
4,gtj93kxk
4,pnkgjp2v
4,cbptisfd
4,9xu1ujcq
4,h2cm3cge
4,o3in3rdo
4,zh3au0qj
4,2te9myos
4,hcf9tzeh
4,j9fsqzwy
4,tl236g54
4,6fh69mk4
4,1915kvwk
4,ltbdbkpv
4,cm2sgit9
4,9unfk5fc
4,hf2m7imf
4,7ez71ucm
4,ubchkl25
4,rge5wxka
4,hrdfyd8h
4,jx80f5lg
4,1q4mbeo3
4,hgau3922
4,5xyxemy3
4,amazvpeh
4,88w6bld8
4,u3k7dkbl
4,sollv92j
4,r1bsz628
4,cpvq6ukw
4,tp08b8kp
4,yoy3hj3j
4,ku4vupis
4,djpcwgc9
4,f28i1lw2
4,thra95gw
4,7xgw8smv
4,cvxni7cd
4,o35ff4zc
4,qzt5vwge
4,leg982aq
4,m142t5nj
4,9pl7mta8
4,6jiy0b55
4,lg0wmav7
4,c9ldqm1k
4,3jpre0bu
4,07z6nr0e
4,ezyu6873
4,vm1o1cel
4,ha7csiy0
4,jd4mix7t
4,9m5fl3m3
4,1bmpvmdd
4,vpih1wvs
4,d8eqifvv
4,6lsvjfqb
4,2vvq7int
4,iwep0vox
4,zr9g47ai
4,bq7ok1lg
4,ow8nxahq
4,4zfl3et6
4,8ckff3oz
5,pld0clpd
5,1k5h662u
5,nm2ubi13
5,dlpgq0rm
5,n2tckfjq
5,mo4luyx6
5,5f95gve3
5,gg0p6ct8
5,v5sya5to
5,8zwfkken
5,dqxfcwyu
5,l6l24pco
5,60516gav
5,8fmykb4c
5,gka6f34c
5,nyd1fhta
5,flkjekyo
5,onskc3u9
5,1cc9ig04
5,85acs4lk
5,4ulei2uh
5,85acs4lk
5,jbc74lcu
5,97n1j0jj
5,n0mz098o
5,f03san07
5,nzwe7hpg
5,68wbeol7
5,w9mij6c6
5,p93gxjm2
5,ggofvijc
5,2u7bnouk
5,r3oo6w5d
5,dqour5jr
5,gdmhvs2j
5,jf3si5d6
5,s953j62y
5,awitk3se
5,0tpy95ki
5,2ro2p77q
5,zy8qjaai
5,rzeeca5w
5,5pt9jmyz
5,gxarfjkn
5,vweeiaoc
5,uurvoa1o
5,f7bdlnov
5,3pxc5wot
5,d1stzy8w
5,e8xln610
5,bni08i8z
5,3kvb1yjn
5,rwsfw1ei
5,s9gje0pz
5,msvfq7z1
5,a5udnv5f
5,7i52vltp
5,0pi09u01
5,2uwnamao
5,cx6u4qx8
5,86vzsrym
5,j9vmsfjw
5,kylj4ufk
5,tujl2x69
5,2luwyyto
5,7u1hpc89
5,2luwyyto
5,czbe5x4i
5,9ujofcsm
5,m0hivi0u
5,63gq2wu1
5,29h189tx
5,fhmr1og4
5,wniydnsd
5,qu7ddcw9
5,ri91u0f1
5,4fs724wn
5,sc1m4c07
5,k5lvx7cg
5,aoti88v7
5,xuqsskin
5,nz8qvuw6
5,czh3zfb3
5,u0kyyyb7
5,3vwxsuao
5,rifr5uub
5,6asjhlpw
5,bxw5pnjy
5,o5545c1x
5,gbkgzvc8
5,cx4slb0x
5,fvxxy3r2
5,6u623i0w
5,i5i2owvv
5,37oidlkd
5,d11ua0oh
5,n7nyh4zp
5,29ukn4ip
5,79yna07e
5,7ew6lrvh
6,p0rqg7uk
6,b3wp314u
6,opdva99w
6,exjsq3up
6,m8n2p55z
6,v9xnst5a
6,rhmywn8n
6,6kpgt70s
6,o5n11nxr
6,62v5ej3c
6,si1yyg5e
6,p02v46xu
6,ufeiuii4
6,pkuo2hvy
6,50ml630e
6,sylm0bes
6,600am3mq
6,mz1bof2x
6,sjua401b
6,hy8rjgry
6,x66js8gi
6,1b3pigtl
6,5t38x587
6,o47us1cx
6,zoy8t5kq
6,gsr8crk9
6,ub0gyqst
6,ois4gnqx
6,yv5yz261
6,k0f8jj0c
6,ulnow3rb
6,3fagnql8
6,mqs502xm
6,8ozr36ca
6,4b74nv18
6,i7soyabu
6,ibac3d0q
6,8qpbz2im
6,6lpaw9e4
6,7z4galgk
6,a9clzlzb
6,1kxxg0s9
6,ekc1tkyt
6,zij2wbzs
6,2jwuzfan
6,j7w6vva6
6,qiay8n43
6,7n7x93ql
6,bipdvdib
6,rbblg4pu
6,n5du3bqt
6,xvoqn1kj
6,zzc8dq9r
6,oye8zo44
6,qx5hnk5l
6,m2nm58x3
6,jeufhpkq
6,4v71xohx
6,wnt1v675
6,ho5n7n90
6,hzahejqk
6,ovzxizhb
6,bjnebkck
6,qz019r9r
6,unpcyp5w
6,k1adcls8
6,oc0edgd2
6,kco85lqn
6,j1ebffjt
6,pn4cz2bf
6,v10tfut9
6,m92zffz9
6,bgm3bt78
6,mbndm4sk
6,fxbf9wbm
6,v5uz8rsu
6,pt631px7
6,uxdsjr39
6,k0p9qwk8
6,s4kfza3o
6,fl9lur4h
6,whyo2foq
6,gnaubzah
6,x0s7pgt5
6,lysrwv2f
6,9mvk86q6
6,kc3nb2pc
6,5vn55t7r
6,rvg5elrc
6,rvg5elrc
6,ifu4fvwh
6,wvf6cpib
6,u4iri70d
6,ehht4sff
6,obmyobgl
6,s9tzzyt3
6,vn0xu1cn
6,gkd1h8yi
6,bhwravwg
6,ia6fj3zi
7,xp7ole0u
7,unh5dzkr
7,qjma4rsp
7,svd6ls12
7,23ituatc
7,hqfu6at0
7,vijh6x1l
7,3g75spkc
7,5jtzt8um
7,wow470k7
7,rko7qdqk
7,7d5q0g0s
7,x54p3ugc
7,1dbeh8q7
7,ze9fl3se
7,gmxbqcqi
7,jg0br2ro
7,3rhdxzj3
7,px4fe7mn
7,iawcsntb
7,7ayg3typ
7,7atoko6c
7,k6wkpmpn
7,wp5zwjlr
7,lsb1s8y7
7,2u16otbf
7,m9yv4qkm
7,e1lurgj8
7,ntra3jhs
7,zls2cjbq
7,g27omci3
7,8cg5yj20
7,qoukiqr7
7,q41plzqq
7,ovlb53ek
7,fxhkfjl6
7,u79trvqf
7,ewb09f5h
7,zrw8dk5r
7,gjwr9h37
7,336asn52
7,6se4faio
7,8m4tc16n
7,d7xq7x5g
7,eceg95dq
7,xuun1xwk
7,8ixb8y3j
7,tih33rys
7,xqckpfdz
7,yfyd2ysn
7,45aru1q5
7,n26csuks
7,nna0s5mf
7,j061ywrl
7,6mxlkyb9
7,xnqkqgvy
7,f6rmxcib
7,oyb2fquz
7,gqjyusjw
7,r9dbf4u3
7,07qsm5pv
7,kanbx8dd
7,udd26574
7,uvc2e9jr
7,3pbkg1lt
7,6jjnhhot
7,o0y0xiq6
7,djxb1xzz
7,0qw0t78s
7,fnd3r1ya
7,imtff76f
7,cc7htcc8
7,ota8sgt2
7,i7qltp3q
7,wwqwa6im
7,vwmgolwo
7,um70ket2
7,e58jd3ac
7,enpewvls
7,tu5hoitm
7,qgvue8yw
7,cxt9oq0j
7,ad7pu0u7
7,zhzurrlp
7,s0qpiovr
7,621qzpqd
7,ol31g44q
7,rsyr8zkl
7,scoyi0r3
7,3czpucs4
7,nu1qsxcl
7,g615ol42
7,1tc0i21c
7,mmxp2rhb
7,grck77ql
7,zdjjm1fc
7,qkqi484x
7,yseooaiw
7,vmdas0m7
7,eiobmxp2
8,w0sb4qnl
8,79gozr1p
8,dz1lfwzp
8,dnn54jah
8,hgaiayqi
8,jiac7iaj
8,o72xreym
8,vq7k0gma
8,ll2pnl81
8,e5q27vpw
8,je1egic1
8,4v71xohx
8,c2zikoak
8,gkd1h8yi
8,7fbvc5g1
8,hsmhtei5
8,alkhsb23
8,fbcu88lv
8,arhdzzm3
8,mh5t9m9k
8,2wd3sz87
8,sy4llckb
8,50ml630e
8,sylm0bes
8,yv5yz261
8,k0f8jj0c
8,jeufhpkq
8,2zbm4iwn
8,4qg9so6l
8,f4ujzblu
8,2smn2hl5
8,p02v46xu
8,ufeiuii4
8,hjl6vdwy
8,zhcamsqa
8,m0h9zv4i
8,m8n2p55z
8,gi3vfi68
8,8orv8u7q
8,223v2obv
8,xb1wg3xv
8,6qgzwm7z
8,yahdp3td
8,34sj2z10
8,zbax2vk7
8,d3lsgatj
8,j56v40u3
8,2epo3a4r
8,hrrzztt5
8,zsra2yz3
8,7n7x93ql
8,bipdvdib
8,i9ndb71n
8,j4z2ej56
8,ub0gyqst
8,4g3wb8qi
8,pm6ta0qy
8,2kxhav4q
8,bjnebkck
8,qz019r9r
8,5tpbb765
8,aq011b97
8,7gsl7d3f
8,qwnmc1wd
8,jqb8jcub
8,b2qoyake
8,i8pc71vv
8,gibg4rxu
8,o9cxihqk
8,pc0r8i5s
8,37evbj6f
8,7h1wg0oa
8,zzmfhr2s
8,ww3b3o9w
8,m41w2007
8,y42gcbj0
8,keaxietu
8,gttuxtw6
8,xwf8yvyw
8,t06gc7it
8,0gikppdh
8,u7sdxakb
8,9pel35or
8,io4wv7ox
8,zf98jzdn
8,he8mcvn8
8,cpnkhvpf
8,xkmg7p37
8,m107y8lp
8,vtuljhcp
8,mqs502xm
8,8rkwmxor
8,si1yyg5e
8,5t38x587
8,v9sncm4l
8,i2dyt6ym
8,rhmywn8n
8,9u59z5vz
8,dv1fxprr
8,3anwk9i4
9,xm9y4ovl
9,wb32j7s0
9,c7cd91pg
9,wmfcey6f
9,adf5ttfd
9,vx5rd8hs
9,jkzxjk54
9,nuaq50vi
9,vwwt70mo
9,yrbalj5x
9,in6yuntn
9,4wybyyxr
9,td4ljqtc
9,zlpz435d
9,qy66ih4m
9,mh23h29f
9,sc1biagd
9,may2tf4u
9,7v8r079h
9,0ujw0gak
9,6a6m7ye5
9,6a6m7ye5
9,s6c7d70y
9,6f2cnqbx
9,87pzwvoe
9,9tumplp3
9,34yn5fkb
9,n97bfo0j
9,aeo9l81q
9,w6scpc65
9,ieobv7q8
9,vn9ba1ku
9,pbemaim9
9,fmqr2xoy
9,4lx5ft5u
9,zcw0heki
9,3eq19uli
9,gmd0rcyh
9,120uu4dh
9,7z53rs8u
9,qkks7f2g
9,9k6klcno
9,gxdb18i0
9,obeinwyq
9,lnnqir2b
9,qkr6jydj
9,eo887olu
9,nbtwhesi
9,1q0v6upk
9,u066962c
9,51qlh4qo
9,v0o8duh7
9,o603gaxp
9,wgu21rf7
9,lw5gynou
9,08ldx39i
9,r7g3qvah
9,s1dseh17
9,o7klw71e
9,sdxt2le5
9,wb35wm6k
9,nw3a0qco
9,748se9u3
9,ju9rmicc
9,eqw8ywrl
9,xvdmtedd
9,nalulzfo
9,1wokw69o
9,dirhry5q
9,2lcz3yy5
9,7bewt5q1
9,ur8k3bei
9,n8omnki4
9,9ffvdgon
9,ezirpmbd
9,ryh7cqwn
9,8obqdbh9
9,w3med89j
9,tgj647hh
9,jbldv86s
9,kck5e1ry
9,1tho7w96
9,blv0wesk
9,vr7dv6bm
9,vyfg6c9d
9,od97az43
9,ygeq27dd
9,eei0o0sg
9,ca4c6b8a
9,27nes00t
9,nxeye1wd
9,5sdked4q
9,1769ovyk
9,zetcu04d
9,9smfehes
9,j8x384vp
9,sf4lbdw7
9,4x5tr0k5
9,ta9dwkh3
9,1gh95xv7
10,q5xc4m3j
10,all7ocnd
10,9m5godtw
10,p1jeiljo
10,jtamxl3c
10,xbuypaf6
10,3t2ag3gk
10,x52vadhw
10,le2eifv8
10,vdrd74nz
10,7ujk7wgb
10,77ebl84a
10,9a131e0i
10,f6rx4h3r
10,xcxjc3po
10,hb1r2aw7
10,cb5ebiiv
10,ld435hiv
10,g8lsrojl
10,kgkcgpmq
10,41gd7rug
10,ls408b2b
10,31jszjzo
10,xcfk4efo
10,xfjexm5b
10,677xj0em
10,rzh7ja6a
10,noyx53ej
10,n0nch8he
10,71b6ai77
10,z3n10m4u
10,0k5m2tmt
10,5296m6d8
10,yd7mw17d
10,eqo633am
10,9bi6pobg
10,u4iri70d
10,sl1zw5rz
10,qtc4lrk6
10,gwh3vc9y
10,43w659t1
10,qjf23a7e
10,f0sc3vmp
10,e13u3p77
10,jcjb89wa
10,kweh1doo
10,xthtmpar
10,u56ydlve
10,4u7qtoz7
10,yp8x5zwi
10,esa5700v
10,slnyun4l
10,o8uk6if2
10,17wpnfao
10,k208rpth
10,2jd7aa2d
10,9bv1s0rr
10,cmld8iif
10,l6laz3k7
10,uhxzt869
10,s6c7d70y
10,6f2cnqbx
10,axymuyev
10,ereh4ub8
10,ru0av4io
10,apjwnwky
10,e8gga4oh
10,i1naum3h
10,fhduagb1
10,fyiqo22x
10,96s8am2u
10,51g3vhcx
10,ocwetgv6
10,rt0vm0cm
10,fmf3a7b8
10,ts3ra09u
10,6wqxcshu
10,u9fmokcf
10,fu70v0xc
10,u44egh73
10,jj2pb6jd
10,doaeyx7c
10,y72r3cgw
10,y7wzwsql
10,4tslee57
10,hpsyofp7
10,jeco3q97
10,u8h95a1h
10,yzj3zfmu
10,zi6rt49b
10,79m2t343
10,zox6efyn
10,wsn7y3wr
10,6w6ph04l
10,tq4clgvz
10,qm2qvcwk
10,y2zcwcic
10,eyyuo052
10,brqdznq2
10,d4dnz2lk
11,mimbnd4v
11,gwle80we
11,r3y41lfg
11,5wwlur3m
11,nrbiwrkp
11,ein8kmmv
11,nvx4w29i
11,1wae4kw7
11,lli6mt29
11,pauzgepm
11,0w8dsymp
11,loymbv5a
11,nx0f1kkr
11,dgt5q1mz
11,ruxnyv74
11,gu66wmjb
11,nqdbifo9
11,k1gyu4p1
11,4067srwc
11,4hph547d
11,8s8ma1q1
11,amr9p1w1
11,pdjz4z8z
11,eb7t7c9f
11,0gctessh
11,qzt5vwge
11,rge5wxka
11,hrdfyd8h
11,c5l57vvu
11,o115igdw
11,xmf46ngj
11,igw288oj
11,nzgdz6jj
11,ubchkl25
11,gsr6an9b
11,547q3vf6
11,2rldos9q
11,o44ewpfy
11,n8e2n30b
11,l04kdkyk
11,6eld2449
11,3fs7r79z
11,tbxjodu0
11,siimpms5
11,zhutwcdx
11,op69dg4q
11,f28i1lw2
11,he1n4ufl
11,thra95gw
11,hrdfyd8h
11,8xmpokq1
11,4zg3ms5b
11,ycxidawa
11,xdnv15ne
11,e5txqhml
11,kz81stib
11,m4s8uzvj
11,r4j7cjvf
11,d914mxn7
11,sy4kiirg
11,p1rvpzni
11,m1q4071t
11,12peh5yu
11,6mzzibj8
11,9m5fl3m3
11,c0p7c8mh
11,ofjs9tf2
11,02tomttb
11,a3nijehe
11,njpy8pnm
11,kbyf6u49
11,uc225mhn
11,qyh1vkgi
11,yxepjy4u
11,sroy543x
11,vhue3l7n
11,zfll30x5
11,z98g08y5
11,dk3yn65n
11,ekbi2fg9
11,9pdakwmb
11,te3lxgnr
11,nrc35akc
11,5td4p2gd
11,x4cxp6be
11,lajzpk2c
11,e53w0ext
11,j2ybesoy
11,pbh2dvbg
11,7rhpxl6j
11,iadwmqy7
11,szhkvizb
11,22qyirlq
11,eazqdlds
11,06pgaqh7
11,crng1g0z
11,5em3v2rr
11,9541g5d3
11,vt8w7z01
11,5tc24scy
12,akc5t2b8
12,464vpnhz
12,bvivzlhk
12,dyzu977z
12,bpu3hpbn
12,h2dybyrh
12,1fo24dq8
12,u1c20tb3
12,y9sel25v
12,4q4ve60u
12,5dl70d0m
12,aveb6bdi
12,m3nqa321
12,9332svol
12,6f6t558e
12,9hrrkqgi
12,s0zdqd6d
12,73yg1bi1
12,votf9isl
12,bu617h9z
12,sfr9twfa
12,ww17vyq4
12,2g6jxi5k
12,dcx6cv2q
12,y3ize0c8
12,hv7z11al
12,z1pmu8vb
12,p58g4w4a
12,scyndvq8
12,mia3dytz
12,nhlz7vz3
12,i2acghft
12,ts3llerc
12,5jjstgkl
12,zrhwhyaj
12,2f1gb2n6
12,65n6p550
12,r044iimd
12,vw4vul5j
12,8gh2cjvc
12,u4uvwpj0
12,v7ve09z8
12,xqszemwb
12,64igat2s
12,o6yx9mfq
12,dr1ym2mb
12,9fy7yowq
12,6vyyfvhe
12,au6p1amv
12,d914mxn7
12,sy4kiirg
12,xdgd11k6
12,dnaith3a
12,hu1k1zvs
12,8b9hbpzs
12,2ezo1cc6
12,3rtx6fo3
12,rr36a3my
12,zooo00gz
12,obehsz2z
12,eecl7nl2
12,jplefgee
12,y0gq9kgk
12,7k05aoya
12,ao4239qg
12,6vssqmw7
12,nvouj2o6
12,ehkht0mk
12,ezz0fcbb
12,3tipg0ym
12,l2fenhya
12,13weny1n
12,o889syeh
12,n5v1tvdz
12,kjulm0tk
12,n4n2ij4n
12,3zirta8i
12,m1m0mie8
12,zkymgsvl
12,s3tcp6j2
12,1sn3jl9z
12,5blojnvc
12,c3o4fh43
12,zcsqzz0v
12,d5p4chhg
12,5eu59xps
12,aer3vwmm
12,z0jivvjr
12,5c579tli
12,p7fbre82
12,wea0qpq2
12,jhejhz6d
12,nxwxp671
12,ef721182
12,snd2aqtv
12,phibo0fc
12,agnbus8b
12,2nqava5a
12,4tonsh56
12,zxe95qy9
13,3dclcu47
13,vq3nf78d
13,2yblpbwm
13,85vnyr36
13,ekbi2fg9
13,2ftw85xw
13,m142t5nj
13,9pl7mta8
13,4k1i6y98
13,2dw318eg
13,2ewz8ok4
13,fm6xarkc
13,4ah705nc
13,esq33kx4
13,4iznx549
13,nrfj9vao
13,9fkrf3tf
13,x9d17j5x
13,lasv4e6a
13,lasv4e6a
13,smzqthpb
13,awp1nck0
13,vc3xc5up
13,s8af6j58
13,8rfm0jxh
13,uu8ft703
13,4nd5wzrm
13,4d6rq9qj
13,scptrala
13,i1mzr5x0
13,ezi2mret
13,83b4vvae
13,50jgbtnr
13,3wbn42j3
13,nmyyt51x
13,k1s3row2
13,inxp2qb4
13,76xp953p
13,pauzgepm
13,vw2d7spi
13,nttuo63l
13,u6y2lqq0
13,oufm4msx
13,e8dd0bw1
13,ysa8vb9x
13,mfnzkvd0
13,y08iot2a
13,4067srwc
13,4hph547d
13,8s8ma1q1
13,loymbv5a
13,nx0f1kkr
13,hgau3922
13,vm1o1cel
13,l6psk7zw
13,yjp19e4l
13,bq7ok1lg
13,amr9p1w1
13,3axgwhnc
13,61ta81iy
13,tn7wm6w9
13,yvc4432j
13,4v4ko0o4
13,7ixpqd5n
13,r19w6glq
13,8t35z4gl
13,yfzod931
13,qzt5vwge
13,rge5wxka
13,hrdfyd8h
13,u1claajf
13,d3wobkq3
13,z4vl8lat
13,kb881liy
13,ls7lw7i2
13,ruk46455
13,oa6hh7ky
13,igw288oj
13,nzgdz6jj
13,ubchkl25
13,gsr6an9b
13,6fh69mk4
13,uqgrjjwp
13,mcywx9ol
13,wni08lks
13,o44ewpfy
13,n8e2n30b
13,eumuid3r
13,3o90pzw7
13,siimpms5
13,zhutwcdx
13,op69dg4q
13,f28i1lw2
13,he1n4ufl
13,thra95gw
13,hrdfyd8h
13,8xmpokq1
13,4zg3ms5b
13,rpu6aewp
13,xioiph83
14,m005jyta
14,414grqif
14,cywjp5jh
14,j74wnaef
14,v5egtgdo
14,f0ny4ur5
14,av8ww9fd
14,2wc1bxi1
14,dqkjofw2
14,901m6zw0
14,q9lfnu6s
14,1obd7mq8
14,h2gwzypy
14,7kovd82v
14,oen0ycsr
14,a95hh4yk
14,v84jg4io
14,c48gl27o
14,8m7n5r85
14,zpib6e2z
14,0h8b051i
14,axns3ukm
14,sbwtxgg9
14,3ruxk6u2
14,qofpdu1l
14,lsxg0rrm
14,kb8dz8hd
14,puivycve
14,5sgv8ssv
14,vid6m563
14,px0twvhs
14,yp38t4yb
14,1ir2ptuj
14,ccy9vqcb
14,rz51n7tc
14,qhrvi9e7
14,9t19fu6w
14,5iv0hwca
14,fecx05i8
14,d91t5o01
14,6g1qxz9i
14,cn1z7aen
14,lav794w0
14,clrwsgni
14,k4f79dr4
14,6u1tbgjm
14,wj7ik9qv
14,05w8tv8x
14,3pnpaer4
14,5x4deimg
14,t4yxdjd0
14,etnf4i8v
14,8yi1mpri
14,ibwo59yh
14,g0bndnsk
14,fm20q5rg
14,zwt4cq52
14,jrzoiv5v
14,bf0p2i13
14,lkpmuoxv
14,b10yokyu
14,rge5wxka
14,hrdfyd8h
14,iy8hxde7
14,492xtiqh
14,gmpsniqt
14,9mhcr9h4
14,qzt5vwge
14,g381rbsq
14,c2bgfxs5
14,uicvudil
14,zdd2ayq2
14,75pu449b
14,fx9ibkuf
14,hrdfyd8h
14,igw288oj
14,o44ewpfy
14,n8e2n30b
14,k89upuh4
14,hsgx534y
14,i3tzg4u5
14,pbddwyyi
14,etl9uwt7
14,6zzdouyf
14,ena1usqv
14,zqer9w9t
14,z98g08y5
14,dk3yn65n
14,ekbi2fg9
14,1o6zhnnj
14,12yk278d
14,zm7mdwvd
14,o1evnvw6
14,3fflt6a3
14,78pahqzs
14,r3hqxe10
14,lli6mt29
14,viagxmqs
14,ivm2d5rl
14,69xjc5yq
15,hgau3922
15,2w3bx6p8
15,lchlb16q
15,mgtlr67r
15,gf2ogfrr
15,u9jdb2nw
15,idjey3o1
15,u9jdb2nw
15,6vh66pa2
15,2lt2coyf
15,75u57fw1
15,up5jpq45
15,j2l61p76
15,5dzyx6pw
15,zpmdrh4q
15,4gj9d181
15,pubh7ovn
15,ecu579el
15,hzj1lliy
15,fpexj3s5
15,4od8qt36
15,axljtddn
15,5qoxk2ym
15,tv36js98
15,6aqg4uly
15,7reqkx3h
15,n7b9q34z
15,d5qzzvy3
15,8dc7andx
15,901z3uc0
15,bbg11u3w
15,1de98sxz
15,b35wzqb0
15,5vda46uh
15,2bw4mzam
15,pnrtq7xr
15,nx6gofu7
15,schpgyo0
15,lx0f7yvm
15,xc8hafhc
15,2u5qraea
15,fx8ffedf
15,ajmuaw10
15,5ub5cdov
15,yk55296q
15,w8dfhxyt
15,i1egk513
15,ysw7qxnr
15,4iamptj4
15,7jp97n3e
15,fk4um9nw
15,64epyvzc
15,pgadzwau
15,jpu9dpp0
15,qz4q8bbk
15,v67v2y8x
15,a389lsto
15,e3dh0huv
15,zpek8i5e
15,zxkz4u1k
15,sm00b12l
15,pcy88pr5
15,fkcm9gek
15,rgm2p0it
15,xomtfnmi
15,oboq9os5
15,jghzjqb6
15,y4alv1vh
15,0kxfg6ow
15,rdp2k6mj
15,799dx1tt
15,1k9r1n9a
15,rrdfwkpi
15,b4kzgubs
15,rso45gkx
15,53q1eqwu
15,n5qnx983
15,h6bbo99u
15,qmyngkvv
15,b3u9oz6c
15,le24tmn9
15,b6kx9nnb
15,wfnlp15o
15,65kw5eof
15,iu0qkamo
15,8oer40lm
15,ti9b1etu
15,a7hsppj1
15,pgsdu0fu
15,hr5qy5g6
15,4474x9nt
15,jxj10857
15,m9k6upe4
15,azu8rdgc
15,398z7z3i
15,l27nmahv
15,6r95cuug
15,ssa5rzd5
15,u5ecibta
15,uajhziug
16,ej93duxi
16,7ftq02ev
16,90qq0xsw
16,uxvwar7o
16,tjplc5j6
16,hgau3922
16,x9d17j5x
16,ou7w3zkv
16,8n2s0bl1
16,khpc9f98
16,3o90pzw7
16,lt4qx2zv
16,axfrgtpc
16,jav5qzlg
16,ewnjgps5
16,y08iot2a
16,6chba2ru
16,7qawvr2o
16,5vgwsuta
16,8yhciui2
16,bg331jpt
16,ygadghuf
16,peqkcix2
16,zj0a9yf1
16,6yu02snn
16,3dclcu47
16,8qtintwl
16,qo4flijq
16,8qauo907
16,a1c2zppi
16,ekz0vp8n
16,0ywzv96f
16,8b8n6shj
16,lh9afr7w
16,idh7io9v
16,80dfqjql
16,2flu8tuw
16,ttz7x629
16,2dw318eg
16,el231qvh
16,7mzu8xpr
16,e4y3wjvg
16,t0vshbr0
16,gp3ib74q
16,o2wg06v0
16,jc5knffl
16,z812zazx
16,ekbi2fg9
16,tnoo5qky
16,xoryhf2a
16,4iro0vok
16,pdd7h14e
16,gegboxgs
16,t2xugb8l
16,wb32j7s0
16,ggdz1ass
16,f7gr98eb
16,yr1dq258
16,80ev0j5a
16,mk4jxpdf
16,qz68gtd4
16,91d8i6ix
16,usvpk1na
16,w6lg0r51
16,erzwpkzo
16,8cplu9mi
16,m142t5nj
16,9pl7mta8
16,tur96mbl
16,gagcx76w
16,1oqm5u7q
16,itm0bldp
16,4iznx549
16,nrfj9vao
16,0e1qn4yv
16,k9xhphpl
16,k9xhphpl
16,69uhtiu5
16,bg0yiikg
16,gjb6zo81
16,crsfthjl
16,n5qnx983
16,363t6nkn
16,gjb6zo81
16,h6bbo99u
16,ufnhwh95
16,fm6xarkc
16,0jhz8wq7
16,4d4l6mzl
16,1nz76t0b
16,22yam3my
16,pk8u9m7h
16,4067srwc
16,4hph547d
16,8s8ma1q1
16,bwyxep43
16,hmc8bxe4
16,nnw8ruwn
16,xs2eo6s7
16,np1azuoi
17,iwsa760n
17,0mn4b0fp
17,61ytvjrb
17,8qfwat2v
17,mq9qszvh
17,h10o18ss
17,3wlgsbcw
17,3bifzves
17,t1wpujpm
17,zyz2l27h
17,n2ida5g1
17,fsvacjgk
17,r517pahz
17,ufcvecwo
17,di23na30
17,5qocu8v0
17,g6rpxady
17,4stz2t7s
17,o87goa4d
17,upvkzsnt
17,yth3t2cf
17,5b7okagf
17,rd1lshov
17,ddtwxn3l
17,9avz4c51
17,jwrheaph
17,vxqdfiel
17,fxcv5feh
17,p7dto75b
17,wm0forsu
17,tffg9nch
17,i400ynjp
17,nrnc8u28
17,qowhe0aq
17,9wotclgx
17,mxonnw5k
17,1a0fj900
17,t4ru2icf
17,bw4dz6ya
17,s8zruwx4
17,jc9ugexn
17,u5quv9t1
17,8c450yjh
17,gwcvfeik
17,66ct8nod
17,ir1q7mtt
17,b9xzw6jk
17,dcvgmb0g
17,laww0spk
17,76gn1wnr
17,ce8hrh5e
17,7qt3huhd
17,6f2oial8
17,6aouw8sb
17,4vgy5rqj
17,9vb7i2by
17,7eso800u
17,z7issy1i
17,nboplruu
17,4gpdc6or
17,akiz4hf6
17,c9te967r
17,hkm9agqg
17,xm8k6ift
17,l2vpzay6
17,t2ofgzno
17,zkk9c7xr
17,b6hcipas
17,751esa3a
17,h89vam9t
17,k2nqu5mx
17,4h9fhm6b
17,gmitz3gg
17,m46ygpi5
17,4jehqmcf
17,rf390fuc
17,vyeescn8
17,bht3pc5f
17,m7y07btx
17,ez2jfruw
17,een09dzg
17,4eusc5hn
17,777yzpvu
17,w37pux1p
17,fpn064ne
17,n4s8dzgp
17,wdm29bnd
17,5x5qowhz
17,77ss8kdg
17,1nf2ycp3
17,we4pk2yi
17,243u2m0f
17,hl5lfjmz
17,fi64jxj2
17,dh0hz6m3
17,q2debvsi
17,gsoxaso9
17,tszadtyf
17,dbujiqb1
17,0fuy5tlp
18,wni08lks
18,g477u9k1
18,bf0p2i13
18,lkpmuoxv
18,ckqdh4pg
18,rnle3aji
18,1j3ou5yv
18,tx7en3rg
18,5fq150t1
18,es8e165v
18,id8sfepi
18,tfrawa9z
18,yqrgkhrk
18,e3icgsl9
18,hq0owf31
18,wzmfmcpt
18,n72a1mzw
18,41gd7rug
18,iu1d9i57
18,677xj0em
18,yp8x5zwi
18,28utunid
18,qi1henyy
18,0vlh67jw
18,menpionf
18,opbmronr
18,xl07uq0s
18,g17lp8ch
18,q5egb5nz
18,9pb2eqoa
18,ydazitgp
18,1aqf98e0
18,iyjaw49i
18,tfspedf1
18,gnhu2gni
18,a8mwao1k
18,j3ad9lj2
18,91x9zn77
18,xfsbaxnx
18,gux5btwo
18,sqr11fpv
18,yxnss3td
18,jih1skxx
18,4k36qb48
18,0l78gpg3
18,b7n2og71
18,qbaemfnx
18,hrhervi4
18,rdzyltk7
18,114ku0qw
18,9skj0zbx
18,6zurkgm0
18,mto52gk7
18,h7ftu3ax
18,or6hra33
18,mnjy6bq2
18,ahhrs3sy
18,x938errh
18,6gsg0u53
18,w2c01295
18,5g95n4gx
18,iylmvmv3
18,1wae4kw7
18,p5hljkkm
18,sdl5a5bm
18,f7rcijh4
18,zlw6omzi
18,ljzuuij0
18,39riybow
18,6urg16zc
18,btj4ckkz
18,o5esfwf4
18,7qfdyzsh
18,i03xwoko
18,byuv48wi
18,l0mgm1i5
18,82aietfx
18,z86g8dzs
18,1w0dd54t
18,t3gr6bc8
18,rhcle5fa
18,rxk1x3mi
18,pxjlgdb8
18,0y049q14
18,056hmnru
18,c1c2lgh9
18,nrb9r9g4
18,x2klzrdz
18,7n3eox85
18,y43prnko
18,1q8tqeg7
18,ropgq7tr
18,z70oduir
18,d9byfl1p
18,spded7wo
18,r66eulqj
18,vqp5mhsk
18,baqe3tsw
18,5jtqjn60
18,rfeazvxm
19,bdlor2wj
19,d26y5291
19,1zzyfmkb
19,gjy7ydqu
19,7agyp81c
19,mcmazu1v
19,wva4rc56
19,hl1ceect
19,hb180i96
19,xsfolppr
19,zm7mdwvd
19,o1evnvw6
19,igw288oj
19,qzt5vwge
19,o44ewpfy
19,n8e2n30b
19,5etdykbt
19,47ema2dq
19,0x2xh96e
19,rge5wxka
19,hrdfyd8h
19,rpre7b8w
19,20ipkh78
19,hrdfyd8h
19,pny37tno
19,hywvmdjb
19,2f0sk24j
19,mdmystt9
19,ea3u0ggy
19,rshogu4b
19,07b6aert
19,z98g08y5
19,dk3yn65n
19,ekbi2fg9
19,jeuwaj50
19,lli6mt29
19,euk20rue
19,v9scqdzp
19,o3in3rdo
19,zh3au0qj
19,hf2m7imf
19,y5hx6g55
19,9ettkwvl
19,07slko08
19,8auf97aa
19,l5ihrxsd
19,eb7t7c9f
19,0gctessh
19,yoy3hj3j
19,pauzgepm
19,l6psk7zw
19,8qp5bdns
19,8xw36dc4
19,nc38gr2f
19,1g2mup0k
19,54qxhuhj
19,wflve99d
19,8qp5bdns
19,kybnap5u
19,eahhf7yh
19,1g2mup0k
19,jd4mix7t
19,p4lmoaks
19,ck8l0c6k
19,wjvi0p2w
19,3pizt7e9
19,ivcee8l2
19,1915kvwk
19,gj7qjav8
19,bf0p2i13
19,lkpmuoxv
19,vfoimfi8
19,b8ofli35
19,n47jui5f
19,iim21pta
19,hfkthquj
19,yloqrblw
19,qoi3pya8
19,1qhe325v
19,osvbq0wl
19,br6s6v3m
19,vm1o1cel
19,a67sr4y3
19,d3wobkq3
19,gbhjke93
19,y91e5xo2
19,z4vl8lat
19,6pcvbs48
19,paomq82v
19,ju2en6n0
19,9o4p0q0q
19,h8c8o0dn
19,9puijlym
19,fbebw22x
19,ccxr0s5c
19,kb881liy
19,tr43brq4
19,u37nvqn8
19,lroknanr
19,irmwqjfh
20,6cxndab8
20,f48gflvs
20,5y992v88
20,6xlb7bfa
20,hui5jaiu
20,ohj6misb
20,uu1jml2c
20,z3l6eden
20,53107z56
20,6i6pm7x6
20,1pahpghb
20,3twud97m
20,04h53wjz
20,y6msg1ml
20,a0asoy8j
20,4hz2yyl5
20,ura61ma2
20,240jc7l4
20,mi0pmyo4
20,r8fmq65g
20,k925dtlj
20,mclozg5p
20,zb8v9mf1
20,nthxicak
20,j4v3zrlg
20,gic43uwz
20,fm01bijc
20,9jakiead
20,b3ckgzg0
20,hynkb0a8
20,ds3udegk
20,a14bssmm
20,l7v6vqi0
20,uo1p1rim
20,h6nw9bx6
20,zutavvrf
20,zdd2ayq2
20,7tg62meg
20,qjigokde
20,q9fw7ch1
20,ps7tsfuh
20,9q1mawfs
20,rxmpi61o
20,ijbrhsl7
20,gkfmgi3g
20,q0ynih80
20,42rz28xg
20,ggx4v0bz
20,ybr2ij5b
20,5n7hxhbg
20,lixd372e
20,4fdupr3p
20,dzvo9v01
20,mls0bfsx
20,vzwsgfn9
20,zhbw09pg
20,09e5n5zd
20,tej1fwwe
20,txmyhgy2
20,fexs1dm6
20,3n2nji8l
20,9anoehl3
20,x21zlgyb
20,fow7nqrx
20,xsutuwn0
20,r0y96ou2
20,k2crv9qb
20,axvonzvq
20,rjxwp3pi
20,4p7gboaq
20,fqzczofm
20,aiwuumcg
20,6vcts4w3
20,b7n51s0b
20,96bq87q1
20,4ozwhcyi
20,60wcvkbn
20,dkxhbmic
20,ng1gn9e7
20,7ggdm8vc
20,kwcyprgl
20,gk84fnb9
20,zyr8siws
20,jp2p24r2
20,17hyh3n5
20,8tay2k8j
20,ytzmvasb
20,jxw6lr8d
20,xpfhf0gc
20,97112xbt
20,ffptloxd
20,c3mclbgp
20,hk25tivi
20,z1vquf9f
20,lb6yv035
20,76e7ro3d
20,2q42apnc
20,gidz04sj
20,zlzig0nn
20,paxcmex6
21,eet3v4cs
21,0o3wjvpx
21,een09dzg
21,j5p5mtiq
21,vopoo7w0
21,fvkr77sf
21,zn3l6lgc
21,lr4l368z
21,osyoizng
21,6ulvk9hv
21,al3p52uj
21,v10t6kvw
21,gdxvbspx
21,yx4g1l6d
21,7o1ixq5s
21,ser2y494
21,j5vdw42m
21,s7j5cco5
21,sgg922q5
21,tecnmybz
21,7knn1voy
21,zc1vih5s
21,z68j0c63
21,z20lcsrg
21,ocy6159b
21,07ufn7kb
21,vm924mxo
21,632r6uqe
21,o72xreym
21,amcispf0
21,z6e9ecdg
21,w646qkjz
21,ysyz3grd
21,3m72qwl4
21,1ntplgl6
21,gkd1h8yi
21,ou3wj4rz
21,ee1s7hvm
21,ss18o9fi
21,gz763ki8
21,2apo9imk
21,g18iv07e
21,p49vahoe
21,6nx4f8ss
21,f15uh4id
21,jsqoj5xu
21,huyl21vz
21,ap2lm1bh
21,jpieb2oj
21,dpyj132u
21,8yurblw6
21,0mncitnr
21,z7pfmkvy
21,hh70c22f
21,8m9ygzn5
21,vw5w8eco
21,11hi1jel
21,kxsfyjdg
21,lizwiate
21,vpakh3jk
21,uniz8tuc
21,xr4flvzx
21,a8qr7nl6
21,l7qozj7u
21,y19gm8gn
21,yyxuk8d6
21,9y4q4cw1
21,2sm0lnnn
21,0cji7tzq
21,dk4snw9r
21,8k19sjgb
21,m934yuk0
21,2zxevp3a
21,7655ggxz
21,x6qgp2sk
21,r0r7sf22
21,decgmedc
21,eoxzcm2j
21,61norte8
21,2g8iqz4p
21,in363ryr
21,oi37dfsp
21,asrkuts7
21,veyfk5ln
21,1v5o4as8
21,gv8wlo06
21,0tz35c3x
21,8g3vfjka
21,uqk2nrnf
21,9o1cj9eo
21,h0plbvg3
21,tdswzj7r
21,xr2uzwfs
21,ex28i7he
21,8eevfmj2
21,a8h7irel
21,z957wfop
21,yhi83hgq
21,5aq1400q
21,mavqv0ke
22,v3qgqfwr
22,q5p0ie3j
22,6p39cx2e
22,m6eal7lu
22,jwmrgy5d
22,2k1n07on
22,8ysfaww2
22,846vqdz7
22,eeg5dmow
22,ter67nri
22,cf27vs1q
22,sm44g2xh
22,jg6v644y
22,ejsqsn59
22,sf073cmj
22,lfjud2aq
22,wk2jynv1
22,l41qzggh
22,prl3m4xk
22,xru8knb8
22,6shr9ler
22,n4najc74
22,mh1ly892
22,9ow8t738
22,n7says5m
22,qsy2kex1
22,0ec1cu8q
22,5ql7876p
22,0kss5r7u
22,8y7plctf
22,p96iq5iq
22,8ibh77s8
22,vfn6280y
22,at8ad5mo
22,n2atn6nf
22,shm9y7ie
22,1xkl3mof
22,72vjnndw
22,3v64a4ei
22,23ve243h
22,3nwrmkcf
22,7icw3be3
22,y4r9nfu9
22,swavbspd
22,x4093iad
22,nsp2t0i6
22,4ep7nf3q
22,tkvgzbuk
22,xn7kd6q8
22,3sqp13p9
22,ky33ju30
22,01yzk0au
22,xhum1ykr
22,ntakqxgd
22,qbxx6yae
22,ytrt68qi
22,13akn7dm
22,ep2useis
22,xe8gt3i8
22,g9gxu3jz
22,852jcbwv
22,vvwsinv2
22,8i5v0vcs
22,tlfj4szl
22,l414z6gc
22,nkmpnq3s
22,6f8eu56a
22,wztm0rbx
22,44114vqr
22,i7j15rxy
22,hl225efn
22,mbbnk3la
22,5svx1yd2
22,fi9um4x1
22,zfs45uvp
22,emj1wdac
22,nx17l3x7
22,ryh7cqwn
22,8obqdbh9
22,p8185frw
22,n83osd2y
22,6f8la6sw
22,dn41mqmb
22,xkg0ylz8
22,3qpptp62
22,2nlnyxct
22,194kf3xs
22,d8biycdk
22,4mmx91s6
22,zuxabsqi
22,qxqo23i9
22,hzi8zuyt
22,l8vkzbh0
22,cexc3ohr
22,6lfzth0c
22,4mjg7jul
22,kxpd0r4y
22,lnow1np4
22,5rppqf9g
22,hj77rg85
23,komx6t5h
23,y4h95kb4
23,bwkad2s0
23,g484ymy9
23,69qefbbo
23,9m5fl3m3
23,bzz8ydcs
23,2n9h51je
23,m6pth0tu
23,p10cya94
23,lujxql3a
23,ucimsb8d
23,8jhwamfv
23,4ko4lwjz
23,o0ot59di
23,w6p3f5qc
23,az2t6jjx
23,hj6dobhd
23,w24w9v2i
23,4f0hs0ha
23,mon1loph
23,mwttkclk
23,d4mf43j9
23,8ek694p3
23,l2f6g7i6
23,zmk8bbcd
23,h3xwg8uy
23,5smothfb
23,bwfrjrr9
23,yomcxz43
23,c8x1o9r9
23,v6frcc5r
23,nthxicak
23,45tsla3k
23,2qmtag5x
23,w0e0jhda
23,o5031cxp
23,9y4q4cw1
23,t0hjgjqn
23,xwaycskl
23,zrmqoqv0
23,31urk6xn
23,49d3w525
23,avwk4fwi
23,5efzormt
23,bc26pz53
23,tz3hqv5g
23,xn7kd6q8
23,u6uqroi0
23,hj5zcw2v
23,dfkemtwp
23,oueqkh57
23,mnkwjplb
23,guj6gh6c
23,osaycpe8
23,a0ra5stk
23,06kowddq
23,1ze1qyx5
23,4n5nqbx0
23,tpnhpq1y
23,e0skv0bn
23,94irhid4
23,9esl3yca
23,nsp2t0i6
23,7nvpnehk
23,cvlq5ajt
23,4fqsx5y5
23,mx4t6s6n
23,8stdci8h
23,9xmksj06
23,bt9ejo9h
23,61cwycg6
23,hxvh11l3
23,wq1xo0z0
23,5wwuu0me
23,gmcw2lmk
23,r4e4tg7r
23,u42iq0jk
23,1z5wlznf
23,am5kvpfn
23,im9v9ezp
23,ft62m7zz
23,g9b358cw
23,3z4lucu4
23,i7vtddsj
23,13akn7dm
23,1y78dfsl
23,7kw9lws0
23,whnw19pc
23,6zwxdxxr
23,0euaaspo
23,vhfl6l6k
23,3rpbltd4
23,am315t13
23,xee1o19i
23,r82376tr
23,zcu2jba6
23,io8hm94a
23,sf5a0cla
23,cncul8zb
24,3jolt83r
24,cctvpphp
24,118x15od
24,ja9qu3p8
24,n47jui5f
24,iim21pta
24,p536yuvi
24,bvksvy6u
24,15hqzcig
24,8lhkiw9p
24,zgx5uv3f
24,o1fvusi0
24,eqewn6j4
24,n58u7e99
24,4fqsx5y5
24,bqxyb61p
24,o3in3rdo
24,zh3au0qj
24,z9hifitw
24,u4di2tk7
24,b2sse5e5
24,i27mujsj
24,fe8f7tk1
24,skknfc6h
24,otqjnh2s
24,wtov0a4f
24,zxflw6ac
24,r8zuno3m
24,ix2vjgph
24,aih5p56i
24,w1v1efq7
24,qzev2reb
24,stmo4b0g
24,b2tsladw
24,b7m5go9y
24,33c85eaa
24,etysmf39
24,wizlpkrk
24,tcor3mt4
24,lntg6yb8
24,22vz79nz
24,z0t43pmx
24,zn5iutfu
24,a60bp1gm
24,6duc06et
24,0tsefy6p
24,j6cng8s3
24,v7uwpcb1
24,n52mmprb
24,cewdaz4l
24,2ul71ktr
24,8izffark
24,471g5wyp
24,lw1x9tn5
24,yb5fjdby
24,4aedj5ew
24,rzo8ea14
24,aclmmnhd
24,mxolnq54
24,m0qqf4n7
24,dn626wld
24,yte0up5w
24,9meh2e02
24,0t9uspl5
24,akxaru5a
24,o2mjdbar
24,azaxwi6q
24,r6r1t47c
24,wcmss99m
24,nthxicak
24,hjsy9rmc
24,j6yslgte
24,tz7gfshq
24,r45yipux
24,vnmo8k0a
24,r5qdg1sz
24,3bj567gr
24,zeo9l272
24,4cx6fe5v
24,u9z8x4v9
24,0tdt0wej
24,62huo2cu
24,nuaq50vi
24,1js7rskn
24,4fv8e7o9
24,85e0l8or
24,xri93f5x
24,m84hom7h
24,evuxklzn
24,b9fxrt0z
24,cy8lxzww
24,hfn90oel
24,kd7g7v3k
24,3iqokwho
24,gm55tvcu
24,l8bj9twb
24,v6frcc5r
24,7t7me2mw
24,v8z5jyz2
24,bs8p50ig
25,r8mn4lzv
25,n2ida5g1
25,t996fbad
25,vw11c2wt
25,pd70i3d8
25,18jiikdq
25,biu5zxd1
25,85acs4lk
25,4ulei2uh
25,85acs4lk
25,1lnknzwa
25,xgdgesj2
25,7ybz0rlp
25,qdbodczk
25,aoi4iqkf
25,gsc0ukst
25,6l87fij9
25,djw2zzk6
25,8ceabd6e
25,zzljrkbf
25,20ky3t6y
25,dm5cf4hw
25,orqlbw9m
25,i0mnxqa0
25,97q9e8u7
25,fxbiadlv
25,fuljgago
25,aqxeyek2
25,sof70xa1
25,thcx58iw
25,rv26qfmf
25,7bmtmx22
25,zppc6p20
25,sc8q1rox
25,bc1huphj
25,s9mqv4lo
25,u5yjvff2
25,w9hq4kj0
25,lqxtvaug
25,s9vecqv9
25,295i2q8v
25,o32d3kaw
25,989ehjgc
25,yn3raqd0
25,t4ky00f7
25,mnvd9wf8
25,g620uazt
25,u6vbu6fd
25,fotsb6tx
25,hicqy5sj
25,dn41mqmb
25,qlkt5fzp
25,2n97jqeo
25,vpcx2t3w
25,hpid3fzc
25,8glsl2ka
25,ylhfe5nc
25,021868n3
25,284qn075
25,fm39g0bo
25,vq8wiz9u
25,px5go7rc
25,hyoyjpbd
25,78qyuk5x
25,rc0nbk07
25,zz4cczuj
25,yd7tu7u4
25,wltak5ge
25,t5m7kig7
25,t3823edr
25,0o30ocpd
25,bifzzhi0
25,x9ti24gr
25,4nrpcado
25,binxayw2
25,8e4vo6zz
25,0mtfki71
25,zu1ojh4e
25,m97idgr7
25,z0qzgu5m
25,lozkrca3
25,mm2sp48e
25,g6ype3ck
25,gse1k0wh
25,cej0guuc
25,3pxo0j42
25,2ot4ax9h
25,uxqj5jw1
25,7uwphbtp
25,wvzo3pfq
25,ad017zsj
25,jrcc3ria
25,sevy5j4u
25,d0wls5mw
25,v7hwe69u
25,5uvv46mi
25,yiwu2bk8
25,7nzws8jt
25,mk6lfyez
25,ohj61ee5
26,89l3cagv
26,rxdhf88b
26,m9hkfyff
26,f1rertcy
26,a6avr09j
26,ukuqs3qe
26,31ehponk
26,zxq7dl9t
26,0tkemr1l
26,ykl0xmta
26,eghlkbjo
26,3rq9y8rm
26,uvsmbrbf
26,gjigvjgv
26,zpb9jicw
26,4j6cbnk2
26,db7zcdyh
26,qttfjrsw
26,ywsm11aw
26,78pahqzs
26,r3hqxe10
26,muztaqox
26,ulkoql60
26,551a8lsf
26,5bt5qsyy
26,86muphtv
26,qjolkwsd
26,mmgv3m84
26,imv0sc9y
26,uafa13e3
26,h38jqpbj
26,7q9jady4
26,bu2w2ox6
26,z7lz9syq
26,3l3zxoo5
26,6kne981m
26,c95lntyp
26,g3jmih5x
26,t4b004h0
26,g0xy7sxw
26,oal60som
26,yd7ty7g4
26,flu4j4s9
26,rzlh4y92
26,wc40gouw
26,q9za0pj2
26,o6jdvlya
26,es79ls4z
26,l21fin9q
26,0jnp7pmq
26,1jprldcz
26,8a3bpa4k
26,pm51q7he
26,y7iwmw3c
26,dixskemz
26,9xnauw8k
26,d3owtd98
26,ajbypz7g
26,3w63yt7f
26,65r6ql8f
26,mei5vlio
26,h2qq03ng
26,gxp1n2dv
26,1aqtqaod
26,x3e0ta9b
26,st9rj6wm
26,u17s0j4c
26,zph6r4il
26,rd1i5q2q
26,c004bekd
26,ymy6mzry
26,0p7sypii
26,y42gcbj0
26,rge5wxka
26,hrdfyd8h
26,niw61l9r
26,dnv2xl0h
26,dza80e8o
26,u7w26hzh
26,72vjnndw
26,3v64a4ei
26,e78nlnzv
26,ylr2b8ck
26,ylr2b8ck
26,43f8djmk
26,qtdl384t
26,6cuzyjpi
26,6o8dt2bg
26,6o8dt2bg
26,paefz4df
26,0cxhxbsv
26,7s3nnzyx
26,fsr0gija
26,qzt5vwge
26,7c9gju6i
26,rupurfb7
26,kjwmvzrs
26,sk5eugor
26,zlzuoeh2
26,jdwi0n42
27,nadzy6lm
27,t0mqh9m0
27,ghasrwqc
27,1t0e4l97
27,tiz12unx
27,bi3bl5qt
27,1ew0p6x7
27,76gwhiyd
27,1ix7mtxd
27,ymy6mzry
27,0p7sypii
27,nlzdto1h
27,ckqdh4pg
27,cca7gzjq
27,50zrnau8
27,mbgasuzn
27,608qex0d
27,c6um6puc
27,qrf7n7dr
27,atnz63pk
27,wfql1gs5
27,a235uvsc
27,ls6cdive
27,zdmof6zb
27,isbw3h1v
27,j20vjioo
27,coac0tz3
27,8pjoz64q
27,ldamulbe
27,rfs4mds9
27,54260tth
27,0haf57l1
27,pndu87bp
27,am7c614b
27,6pn9jwfn
27,8u7d4czd
27,vxl2flbn
27,vbg06yyw
27,j0a3tgbd
27,udn2t8il
27,6qsk6mij
27,vh07fg3f
27,60g3x7fq
27,u8rt6hbm
27,rdb960wx
27,lnb1e9iy
27,5ha2ryv2
27,xwvtjm6s
27,a3tvoana
27,hv0cwf6d
27,c5q7l7en
27,27z0z409
27,lxowaacg
27,3as2o2y5
27,7w1bhaz6
27,c5be70t6
27,k89upuh4
27,hsgx534y
27,r55l32dr
27,3lv35lz1
27,qqg2yy73
27,6su2x8mk
27,fjnhoai4
27,ztdsssq4
27,ftxgcgkb
27,fcesp0s5
27,svfmc5y5
27,8xlt92pl
27,p2xv003d
27,nubzfw13
27,ofoqk100
27,js5my502
27,5daqr7ff
27,zbzrxuoh
27,okecht23
27,vde6vm2a
27,a4gbe42z
27,ai1x7cue
27,z899ax9o
27,g3bcykft
27,wwam0ebo
27,eerqrqwk
27,bmsmegbs
27,li8kvzdh
27,wwr777rk
27,iff8cuum
27,32qxyxgj
27,e0wzkhbz
27,6dj1s574
27,6cifwq68
27,5ina237p
27,363agguq
27,4kyrpnax
27,m5bmw21v
27,ujh2nmh5
27,8g6ohy79
27,f3h74j1n
27,yy7lhl9z
27,nhfjqdnh
27,b06wmmh2
28,px2o98cv
28,n3cg3w9v
28,oda2472v
28,03eifdr1
28,dam2gyoe
28,9pb6g024
28,q6oxz7a9
28,fpn9y7e6
28,z434n5k1
28,3jnhboif
28,0lk8eujq
28,b5fel2d3
28,pac9ha4q
28,oq602cg0
28,0eizsamh
28,lh5g8vl7
28,cy35eyqf
28,cdx5glzj
28,2f6nj4to
28,cpu3q9o6
28,hlyvk0qu
28,98zpr960
28,opbozg55
28,zhfrgaxf
28,pi966ol1
28,svwkpcme
28,7ttesiuu
28,fgxbyb7l
28,y708ej9l
28,hgidpfow
28,qsldjbfq
28,2qwk2z22
28,9ojr7oic
28,iz74o9de
28,5or25hej
28,oj7rmy8m
28,r8q9ucb3
28,0q5vt658
28,mhxtvn0u
28,g3s4iavk
28,inm6f4sw
28,jn2or2a2
28,9sdlm4jf
28,jpdnii41
28,t5iaz0ts
28,h8hk135w
28,pzqmg22v
28,sm0112e3
28,1o6zhnnj
28,12yk278d
28,bdbul3gf
28,gi1ujgwp
28,i1kyymdt
28,31iws3lh
28,rvbqdpmw
28,5xfux8e2
28,et1ekgdl
28,ycwur2vi
28,n2z38pux
28,9q3lmsd3
28,o6jbzoyy
28,awhpp498
28,wvsr482f
28,8qohdj5i
28,vdbk50pl
28,h6oidslx
28,3jpdvy7n
28,66imaem8
28,c1jf3gen
28,safr9z37
28,sdij1d90
28,2hbcbvt6
28,iimx8nt8
28,nyvvah7u
28,tkqmu1va
28,isxasd9b
28,y6nbrf6k
28,rkfrhu0r
28,yrp22sio
28,7pg38ptn
28,2u5zxc2i
28,29kjytsn
28,vvexfg1c
28,wmpjfc02
28,prm8uwsu
28,dm98zekh
28,63nmj6ok
28,j6sav9w6
28,vdrix1cp
28,766c0l35
28,2rhhw3sx
28,jih10xb5
28,tdlcb9bf
28,ewp9do7u
28,u31ixcwa
28,v8gzfpr4
28,dd7o1teb
28,rrsy9sj8
28,2clz993c
28,mgmgjtu9
29,4yuw7jo3
29,4yuw7jo3
29,b4mdiont
29,lmj1xqi5
29,agio2sqv
29,38d6gb7o
29,2j56et4p
29,gka6f34c
29,nyd1fhta
29,7cjm2yp0
29,bqemz1eu
29,n2tckfjq
29,dpble2jd
29,s953j62y
29,9bhp3lph
29,r5p5helx
29,j5nmifhj
29,b31ctbat
29,vnn7lp8w
29,flkjekyo
29,onskc3u9
29,cyijutq7
29,amzmyqys
29,zl1d3gf2
29,bv6xa8v8
29,ei3kkp30
29,m0hivi0u
29,k4f79dr4
29,7qd8z5e7
29,eje3i558
29,ttl1f9dd
29,hyihoelf
29,upcsvjuo
29,45pp83im
29,gjpgcimx
29,7hoiaze2
29,4pywvaxi
29,y6pw87s9
29,m7dwbheg
29,tzsm1t44
29,sd40c03b
29,r4snyxr9
29,m29yj304
29,6y9n69g5
29,jbc74lcu
29,khxdk8t8
29,zult69f2
29,vm0k7hfx
29,sywk7014
29,rddq8bi3
29,oak27okj
29,c732txfd
29,zg2u7fwx
29,402eb8wg
29,m0q7rm6z
29,5f95gve3
29,zb434ve3
29,qmg58cgr
29,jcqhxzih
29,n7ylgqfu
29,oez3l9kn
29,icyut3xa
29,njeyvdd2
29,w9mij6c6
29,0j69n035
29,mwf0fjua
29,w6bk2x1n
29,untuy1e6
29,anedg12x
29,8e50vgyi
29,i3y6yxqj
29,p79fu3ee
29,vrjpqkp2
29,m55mro2m
29,mrgw2mnx
29,vx0iafuk
29,j9armxm9
29,qato562y
29,7ftg6bfx
29,f59c4idd
29,gpr86lxe
29,j4u4fbba
29,qicchvhf
29,7jhjlxtf
29,y2vnvc1w
29,z7wuxdhs
29,8prn86g6
29,rrazeehl
29,d9v8qo7v
29,00s3wgem
29,6m06yzp7
29,rzjeodzl
29,b36wi464
29,5yc6u5t3
29,yzr7ifbj
29,0b0fvnhn
29,kcyao9i9
29,cw3ci2yk
29,64ff1ksc
29,c7jdjjs7
30,2lwzhqer
30,fxi8ss2s
30,p6uliadr
30,dieaqxmi
30,uc3slu8q
30,m2k6usaz
30,928lhz2l
30,gqqdx2r5
30,4el6qq3n
30,x50tvq3a
30,ljztowrp
30,y484snqe
30,0kds2pz3
30,zdfx3zo3
30,ssuao9mb
30,jql4n0td
30,b8tknq05
30,np6nfvf2
30,bpou9p89
30,lvajofdq
30,1hwdd7nq
30,j40u05z6
30,dbknlu0z
30,67i1yt74
30,o4m1pun6
30,kxds6r7t
30,oyr4klqk
30,pi6pezv5
30,ujvei43u
30,bzeqs5oh
30,o1ff4hex
30,aosmo568
30,rn3bjc9d
30,b518n9dx
30,tgtba98u
30,ygygnmgm
30,7e8zlt3t
30,95fc828i
30,bh2sa83z
30,fybbnn46
30,5ijdl5sl
30,r22x7gnu
30,7v7pzclb
30,hj9x032l
30,ead07dc5
30,phxu6usy
30,pgxew3yk
30,txvx5fy5
30,qiigfkmg
30,wr082q8z
30,vs6rh9i9
30,9hxihlw9
30,9hxihlw9
30,n7gfsyxs
30,tdqtikbh
30,8cvjsisw
30,yth9hh5q
30,qpa6tk6v
30,mgsvg5gu
30,epept94i
30,rmxin1da
30,7ovfb4mm
30,udb0cbdt
30,nzxbogga
30,1uc0etas
30,bw9lbzvt
30,j8n06hzx
30,qsd49pvm
30,9rk8hccx
30,waxmarc4
30,rl3801n6
30,m9zd0gh6
30,byjd8w4c
30,lg45goe2
30,svp32re6
30,3onq57ov
30,2jei05lk
30,iymmf4k6
30,8ruux4sw
30,puc13jf1
30,h450b2l5
30,nz8qvuw6
30,t1wpujpm
30,5kcl80sj
30,4g878n13
30,qq6l6yrx
30,eqp65sft
30,vijzfbyj
30,dblg9wfk
30,fgbilulc
30,01es0zv4
30,rw7shrbs
30,41igg68l
30,0svdq020
30,29kjytsn
30,xw8o189s
30,jih10xb5
30,ghrlj6b2
30,5pt9jmyz
30,tsms3303
31,0ln9r2nq
31,i7v9l6ii
31,1ykji0c8
31,0oqcx0az
31,wqutxi9c
31,aksjrr8g
31,b3hbk43r
31,0ybn2igj
31,8ies5d32
31,0f33478u
31,q25loze1
31,mg2zikyp
31,jqjtbkda
31,qwub35cd
31,lbi9hapk
31,hartcbli
31,k9qiwy1b
31,hgau3922
31,h29uwe1d
31,46qcxs4j
31,nge1itgk
31,7ygcfzii
31,h180nsed
31,ozigndov
31,1fi2sw5u
31,e2zeh8cl
31,t9u7d029
31,evfzgv8t
31,nvwnbp2j
31,pnl2w4mf
31,de8haxop
31,pqvlh3eg
31,zg4d89cd
31,anjgdyqa
31,fcpfbq1g
31,c813ttt2
31,dk76g6az
31,73mqgofa
31,ktet18wl
31,n1rj1ryb
31,luayiig9
31,efph1wro
31,pk8ztjcr
31,c0csud9i
31,dg53ss0q
31,ugc7ce21
31,m1j6v33y
31,ziujiigl
31,1eembfsg
31,uqhiyj56
31,rn89s450
31,ansy1zlq
31,ffsubocr
31,87lc2byx
31,refhfzy9
31,imyvmgdk
31,1pxacoi4
31,tnrfquse
31,ln0rhdv5
31,ndao9wcj
31,paqu1t1e
31,m9ma3y93
31,aonxm7x3
31,220ur8rw
31,82m3w06s
31,8e1wv4z5
31,w7wvl73k
31,08a7zv6m
31,yvyx8klu
31,3pqusc0b
31,trjl2ctk
31,temnlbv9
31,tkbm31gx
31,sgq4zr72
31,kpt20tpa
31,zd2heswg
31,c8nxqw11
31,20qhbovr
31,eem8n82t
31,egjhnnih
31,l7uf98ua
31,ms9zgmtd
31,n1vn4fuy
31,si9jhugj
31,u7ka7rbc
31,l97q9xov
31,wnttz6p8
31,esiteqz4
31,1ij5sqe6
31,g1hsx6al
31,e6amvrcl
31,leps2fqy
31,tnzattzi
31,vx05v8es
31,lfvzes0f
31,wb4aeyfz
31,4c4pe92i
31,2mwahvq0
31,tv8pv0l7
31,aclzp3iy
32,9sk11214
32,h0q93in1
32,zr495eff
32,z1qh8286
32,hwwaoza1
32,baoqgu8v
32,76xp953p
32,k1wd7ymj
32,0sjsqwwg
32,auwm2qj0
32,2luwyyto
32,7u1hpc89
32,2luwyyto
32,uibiipku
32,itwp1grf
32,4ki5st9h
32,9pdakwmb
32,14gcu1se
32,wta7ndnk
32,76uioces
32,qq450u62
32,k4rh0osi
32,wbtaoo0o
32,gagcx76w
32,f7j43xaz
32,d25dph83
32,sphwclzs
32,h8a93gpk
32,2ja9md3j
32,d11ua0oh
32,pfamlz3g
32,u6ewlh16
32,zhciwcut
32,ukmkzrkx
32,hhsa76k8
32,dywxluxg
32,gqvhmaqm
32,nttnaal7
32,8l7hrany
32,p7ifetgw
32,p7ifetgw
32,t7qzpi54
32,lt1ipwye
32,m2cu5iof
32,mrnid1i2
32,7ixpqd5n
32,r19w6glq
32,nlq5755b
32,pyeb86on
32,m4wd4552
32,y0hzwsaj
32,7l6fuovz
32,a5doaknm
32,sfiy99eo
32,sornr7kx
32,pbn4gzv6
32,xtg0e142
32,rzjeodzl
32,p9twukda
32,a3tvoana
32,rs0unxoq
32,d3b5o5d9
32,kcyao9i9
32,oyynqs92
32,ykkbxmbc
32,ymykknpa
32,c5be70t6
32,vs6ev73e
32,h2zpl0qt
32,ubchkl25
32,c2x8x7go
32,k6hh7yft
32,12edypl7
32,k76t8wen
32,xcsl2evz
32,vimbhox4
32,4yu29b49
32,b3vey2m8
32,zrg2z17n
32,9itdow8a
32,7gnr1vad
32,3c0njj5i
32,k3bkgf1g
32,rg5xsoe2
32,11k5t5at
32,7an50vr9
32,4fs724wn
32,he1n4ufl
32,2dw318eg
32,a14dc0nc
32,lp2uf9dh
32,swpmu677
32,hqqy5rg7
32,zqx1swhj
32,rca29ufb
32,i8yutik6
32,8ybfiz8f
32,n2tckfjq
32,l19nsvun
32,bf1eok3s
33,tm8fzbue
33,bb5dnbbt
33,4vkag60z
33,vevsgkp6
33,cf1v5k55
33,79yna07e
33,ld0vo1rl
33,cy45w8vq
33,b44qnmbm
33,itvfw787
33,l9l6z1o0
33,j6lbxlm3
33,yi25yh8f
33,0pt6dxb3
33,qmya3gng
33,4vl0cvyq
33,43pomco2
33,w9rqnz9h
33,1cgyp47n
33,6ojmmmuj
33,wfaqim7d
33,sribl7kt
33,oo3ykjro
33,vqxrjtgb
33,seaa46hz
33,c7bmrjzi
33,kvcbj093
33,dl6rbqxp
33,nno2yjae
33,mplt4krv
33,kd5jg76h
33,4ckagigq
33,tm7krxxw
33,sdiwnhs0
33,3azvj66s
33,bftsmcl4
33,wczw4vn1
33,k23ltuvp
33,5m7q92fu
33,wxagjqbt
33,to54sbmp
33,3zduon0f
33,z9molxg9
33,huan94tf
33,9a1fckvh
33,e9ft15kq
33,gnbpngef
33,qhsgt1s8
33,bk6sawaf
33,bdoavpsb
33,gka6f34c
33,nyd1fhta
33,gql5xgod
33,ldwx1wyc
33,gysf0vbv
33,ugbmvvyw
33,0tsys7vu
33,kzj263xj
33,wtjlqhv4
33,ilfh0ds7
33,9k2h57q3
33,ydq687u6
33,i7z0tdrk
33,d2j9wpqk
33,d4rq1du1
33,ofv3aqmp
33,5f95gve3
33,hbd44euq
33,mraxo3vz
33,uxxzuff6
33,ucipq8uk
33,znx5p3yp
33,kw127ul5
33,884yuc7q
33,iymmf4k6
33,xtqvtleb
33,diq2x0nx
33,aoxsl823
33,gf44xeb6
33,o9fke21q
33,pv1k5yun
33,jcq4hdrh
33,b36wi464
33,v3xe5w8p
33,r8lymmec
33,gmoq1i5x
33,5l48fvx2
33,2gsy750k
33,bgehvxo7
33,sdtiyrab
33,z5q82rmp
33,y7s9jorl
33,ts48lmfo
33,3bc72zgr
33,4cia91cq
33,dtabar23
33,d6domrgx
33,qbi5998f
33,n9sih438
33,i7oi7mfi
34,gd5btv69
34,rul25y70
34,yqjkqvkj
34,x1up9nvp
34,gw5d721n
34,eqd0uget
34,gc5dfxh1
34,8qrl65hj
34,47ltwfp8
34,7icw3be3
34,b999y89f
34,0999t5x0
34,o44ewpfy
34,n8e2n30b
34,hf2m7imf
34,rge5wxka
34,hrdfyd8h
34,01yzk0au
34,06uy54qy
34,t2np6qa5
34,i9uhpu34
34,qzt5vwge
34,yoy3hj3j
34,4tk45lw6
34,orko04fi
34,aih5p56i
34,w1v1efq7
34,i1wkv6bq
34,i25su8kc
34,gdxvbspx
34,yx4g1l6d
34,tz3g0aln
34,eujbxdqi
34,hrdfyd8h
34,bxwcixd7
34,igw288oj
34,utlc01i5
34,m8lrc4c0
34,x1qlirrb
34,xbxuaw57
34,4pg0kamv
34,984njdv7
34,ab1lji1o
34,45xycxxd
34,ey07rmgc
34,zct5b5ad
34,4i1djfn9
34,v3qgqfwr
34,nmpppztq
34,z98g08y5
34,dk3yn65n
34,ekbi2fg9
34,dumf55yg
34,i8kwhhwt
34,uiw9auzx
34,0kthumgi
34,zm7mdwvd
34,o1evnvw6
34,lli6mt29
34,2k1n07on
34,8ysfaww2
34,gfzobzrg
34,qlpvt29o
34,wf6gzelx
34,6n1me1xd
34,jjlvuag3
34,7pd7dtuw
34,hxhohtmj
34,rtcan64h
34,jd4mix7t
34,r8ybmevd
34,560jhnua
34,u3gmpklc
34,bnlqlx1y
34,9jatvium
34,u8u7afm0
34,38qauyad
34,6mqkqcpc
34,pknaxvhg
34,6ujnd022
34,ku4vupis
34,djpcwgc9
34,n4gece0x
34,bqm6ty79
34,hl225efn
34,mbbnk3la
34,0x2xh96e
34,rujyjtbl
34,gak0pvw0
34,s8nglyhq
34,pny37tno
34,hywvmdjb
34,3crjc97b
34,6hhkhi8o
34,l5ihrxsd
34,eb7t7c9f
34,0gctessh
34,n0uwy77g
34,o2abfye9
34,1u3qiwdi
35,tprgbl51
35,czvyk0rk
35,csokkcqq
35,blv0wesk
35,q856rx6b
35,8ww7wo1w
35,wi6n6wo8
35,5q7uwhg0
35,1g2mup0k
35,1g2mup0k
35,vsl94lhz
35,4ki951ls
35,dt0r4hag
35,fdegtxr2
35,euj8w8z8
35,k31dagdy
35,oid5bok9
35,xsoi4ewh
35,24xef6ay
35,owqq0lev
35,af73nhru
35,d0u4x024
35,rwgv0973
35,yfzod931
35,wbhji81g
35,11emhen6
35,bb4h255w
35,keaxietu
35,71njvx7l
35,uvavdk6n
35,ij8ic2v5
35,tvmytgda
35,2sccla3m
35,cqy8pshz
35,rj6te7fz
35,j40zj4al
35,p6075gva
35,zzmfhr2s
35,zrqp24gb
35,6fh69mk4
35,xgpxa84g
35,1g2mup0k
35,g9cccwo1
35,4uvezfqm
35,qrzt4zva
35,sd83yt1i
35,wwh08hse
35,st5idleq
35,5n06yw6h
35,mfuoiijk
35,z0bkpmpk
35,ff5ex004
35,kz9782rj
35,eizfr544
35,6zdpmdnn
35,w3o509uo
35,lblpv4xn
35,ft2pbgsl
35,qfuasag5
35,bsladytq
35,5noubt7r
35,qli7nb2t
35,zh2i7eb9
35,s5mxes4r
35,e3tcinrc
35,tnzzr0cl
35,6vsg4ehz
35,611sp7uo
35,as74qa0l
35,x6p8zmxs
35,tycggzr3
35,1n8brl09
35,gxstlzuk
35,ivrlx2ug
35,bmcku2yb
35,o8b1rtux
35,1e2yqd9n
35,ns628u21
35,te1bf690
35,sqrn6kjy
35,nwwhk6p0
35,mc7sk1gs
35,p181l5z8
35,rge5wxka
35,hrdfyd8h
35,jlcrmdpk
35,g9umdcn2
35,r7g3qvah
35,cn4gb31f
35,78kgrl42
35,8c48m5hf
35,k3gylwcf
35,p4aar3zx
35,nkmqqp1v
35,302hphhx
35,y25lwmyt
35,2qpup1lf
35,e7zic2pd
35,2i5cavd6
35,9zy7xqig
36,34ljq0qt
36,4nfxdppt
36,m0w0fl2u
36,5xm7cwjz
36,ebbzx8yr
36,l19nsvun
36,nhq0oq8y
36,h2zpl0qt
36,5fzwc8ku
36,pm8usc55
36,40ejbv5j
36,t0cw7l2a
36,jfq7820g
36,m2cu5iof
36,mrnid1i2
36,wtimex3n
36,7zr1118b
36,ldf7uso2
36,ldf7uso2
36,awyln0kk
36,kifqgskc
36,bglln1w0
36,5ftpxlfe
36,t8q99tlq
36,y8mw6sgb
36,jv5wyup8
36,mrzxbbf0
36,z2kgcjtp
36,ch004jxy
36,ukmkzrkx
36,9w3ap3gz
36,wku1sd9k
36,3g67hjk8
36,ws3tvbtv
36,trlni6iq
36,96v185b2
36,f3dsu36p
36,f03ka7bd
36,v5i2wu5r
36,tnkqitn3
36,lob26ih1
36,ei3kkp30
36,qierdb0y
36,me5ff1pb
36,vf32wxkx
36,aoti88v7
36,mswmkgl4
36,rmmp3gms
36,1h9ewx5j
36,6nd9fmz3
36,bzvaqu08
36,iudsk7ac
36,vhl5adaw
36,nwt06fpg
36,ro13l390
36,g28eq99t
36,lotyldfd
36,1n0qw2a5
36,efqt3tw2
36,sqz8yc7b
36,dqxfcwyu
36,xpbcoipf
36,ehjc39bb
36,knvabdsg
36,l8katnpy
36,4jky78sl
36,y1afswkm
36,pkxc2219
36,78gc7w01
36,yaow639d
36,o9fvzwj5
36,b6dsdiux
36,xy7w8hbz
36,2d7l26tl
36,1fdcsj0g
36,1whlhkes
36,10qpje4d
36,yi6yu5l1
36,vxlfslnk
36,b3l4sy1u
36,c08ptb1o
36,se70hzdt
36,xi73bzud
36,mo7734w5
36,tr7ob73n
36,uqwtq4vx
36,yt319ecx
36,wynyrumi
36,8vkrh70j
36,hc7nno58
36,h3pst8mu
36,u9y5by39
36,r88hpbxp
36,o1uol5u3
36,dir0jtyb
36,u4gv2e7w
36,nrx9wqwg
36,j5bepvvw
36,nd6ik2el
36,2hgwa6pq
37,agox0lbq
37,wim5q9a5
37,o6rr66kc
37,48ul34xo
37,t5ar9pp0
37,8cbws7lw
37,g8xlhk99
37,p9s0ywtw
37,yb6if23t
37,re9na58h
37,d0imcmcl
37,9zc0oa32
37,7ks077au
37,pov7oi1l
37,qwamjg83
37,t8q99tlq
37,7fvuyim8
37,2kbi9drl
37,arp07mck
37,gygi11gk
37,h8abjsxr
37,kx7ybq42
37,wg86ws3b
37,vj86lgri
37,yaspd6l7
37,fw4pmaoc
37,ax6v6ham
37,79uxm3bg
37,wkg4x6tg
37,kzavc4ez
37,khl418zw
37,8ozjpov2
37,hh8s2jq3
37,hze05jnf
37,zaxjj9q7
37,8vl0okiv
37,005b2j4b
37,4zbt0oud
37,im8iuxgg
37,6tx5mses
37,d1mxoche
37,h6s3kx92
37,vhb280gz
37,ere58jal
37,16swzibp
37,ibhd4dsa
37,f6fzvreq
37,22rq5xfu
37,bawgldfi
37,dqxfcwyu
37,iowyb7xs
37,f4xpvnot
37,xc2nkq7o
37,6yh82e1w
37,9mxvbf17
37,eyitkr3s
37,l5ja7l6h
37,yac7kzaf
37,izkz1hz4
37,xnamt7q4
37,6ly8g21f
37,3h1o0oz3
37,wynyrumi
37,l7ymcyw7
37,kjeqdse5
37,vembiw2k
37,26pcjts9
37,1fxrmuzl
37,6ftbz5hy
37,sz24szfh
37,1j5vejvj
37,9aegg5sd
37,ma1lnpjo
37,bc3108hi
37,4h6hp97j
37,aydul98p
37,4w5o8jfu
37,4jky78sl
37,2luwyyto
37,7u1hpc89
37,2luwyyto
37,vf32wxkx
37,z14rf85c
37,h2uc7ria
37,kstt07y1
37,c786zo4e
37,t0cw7l2a
37,u4gv2e7w
37,u8u7afm0
37,gmk4qo4i
37,uk8rfroj
37,r2iqpmmc
37,z3j64j12
37,h2zpl0qt
37,06e3vxu9
37,x9az3twa
37,rwsfw1ei
37,s9gje0pz
37,2fn25l6m
37,yn8nzezq
38,2eq49d1r
38,uxehz43v
38,mp79b65x
38,ve056tx6
38,dctx9c7w
38,iaatjew2
38,44vpx2jc
38,fqlv35vo
38,7dup5ztj
38,2dlwhncc
38,0daf0i75
38,qvguvc3j
38,t64w99w0
38,on1nclkj
38,3ngrtmb0
38,ozjl5q85
38,00gotrnv
38,y8oyg27b
38,8yr2fuu0
38,pobmam24
38,5igf77tk
38,baixby0r
38,z3nb4h3r
38,pcekcvwr
38,ezs6z0rl
38,2h3b87lo
38,fnb0ywka
38,w577p3cm
38,8mvx2q2z
38,zwftmuj3
38,ub7s6yz6
38,rul25y70
38,yqjkqvkj
38,3fp46sov
38,6e7pvmxl
38,4gze6w35
38,f1p75rw5
38,ebwh10se
38,qu2f56p2
38,8dvj6xti
38,rkhrusdc
38,kdy2ie6u
38,08p8ns2d
38,jcezc9ue
38,2fr4kpp6
38,svvfeaxs
38,68y733y3
38,ei1fy7i5
38,56u94l95
38,lxktemrt
38,m0omw4xf
38,dazc5xe2
38,2wq94ons
38,de4dhv4b
38,aczv6w9n
38,60yn4hg7
38,s609qcc5
38,for4i24k
38,4m0ckihz
38,34wm7wpi
38,8ek694p3
38,hkg6e0gl
38,5886v3rh
38,iqx0rxun
38,jov2pj6l
38,v44s8flj
38,xwuwmt3x
38,xfi9lzy7
38,7cog30qt
38,qsm9ohml
38,r3qgdgeu
38,ynnp2wph
38,sz8kkne2
38,ku4z34lu
38,qn89o0d3
38,gn34m0hb
38,ap2l96t4
38,elc771vi
38,m6zgza0n
38,kh0st5cr
38,i14ekvxr
38,nn0wkl40
38,rdcp9f25
38,cbtiwvir
38,7icw3be3
38,keips7t8
38,ar34auxn
38,msh9wvsh
38,3xikq0ef
38,k37totgt
38,87oqu4gx
38,4vd2h2u9
38,add387tm
38,wmwvl2d0
38,w70ok2cg
38,jmiuml0g
38,f7isruy0
38,ltk5hfc4
38,r8tqbkkr
38,8agjrn9m
39,3d04p4xp
39,urr5iuy2
39,9408n63a
39,k1yzej05
39,xr0wx0fu
39,6io0zd0z
39,iaatjew2
39,44vpx2jc
39,fqlv35vo
39,1yof2mtj
39,nqprluto
39,o6c8ic14
39,55n9crpk
39,s0k7basv
39,tywy3t0y
39,hc9vrc6r
39,dii5vezc
39,e644ptr3
39,5dgnj11a
39,fw8z6sqi
39,58fdslw4
39,b1bkd0t8
39,0pleiv0k
39,3bo4md44
39,jxutbxso
39,921orhjg
39,5bmdzgla
39,uxuvirv7
39,1b1myc1c
39,8tfg0t6l
39,hwfr5v1i
39,1kv12oj0
39,zlahteai
39,m6cub4sx
39,ccitfd16
39,7pjkdp0h
39,hrsnr60j
39,6fmzx1zi
39,12s1nyop
39,9lv4xw2d
39,gvq24eyp
39,l1rt34lb
39,jrh7bta5
39,44babp7t
39,ph3z1ha4
39,insu3eav
39,9321dl89
39,3pv55zp1
39,i95dnfw3
39,dn41mqmb
39,26u77dwr
39,d4h49d8b
39,5gcd4tom
39,6gwnhkn4
39,uzfpv5rd
39,kfsmdcpx
39,2skjqwis
39,dd836h0r
39,44ik4p7v
39,s3p14wnd
39,9hoksa86
39,r7yyffgt
39,3g06zxmx
39,cj5r3xt1
39,2fr4kpp6
39,svvfeaxs
39,t64w99w0
39,on1nclkj
39,50dmclk4
39,s5q6pxhh
39,886xc1n3
39,vx9vqr1k
39,ex9nh1yi
39,h4tnz9x4
39,bbae1qyx
39,fczf3lzc
39,k8802pwq
39,pa0uuwty
39,ejn6ckxx
39,tpdceqwi
39,kwwaf2bo
39,3fp46sov
39,6e7pvmxl
39,egw7bvzf
39,3v9nyagt
39,1hfxju5f
39,c9qbnonk
39,n8nn7q4y
39,8eh90ber
39,qhhpqd85
39,a775gmc0
39,9xmeyrtu
39,694wrmg2
39,yx3j6373
39,jpjynk9r
39,p60xy2ki
39,ndth5zne
39,q8gor1l1
39,7ayqkeb8
39,wr3jn18z
40,3pribklz
40,uqykia6i
40,tylwbnpl
40,miujzgtd
40,su5tlg3l
40,tldg8c94
40,pw6jg65l
40,1vhxcbx7
40,jupjha9l
40,zmqaigqf
40,8vin8g9z
40,ehprox1q
40,bsypo08l
40,fwdpzv85
40,uklbt8ge
40,unvabosp
40,8l7hrany
40,ulygq434
40,c4q5gtw2
40,sbsoe5ia
40,5mh3ds6y
40,6n4updwi
40,m6f3soiz
40,jujrazsr
40,86byq11c
40,bawgldfi
40,yqfx56y5
40,gs7infqj
40,pljeao4b
40,cf03mliq
40,zwuozd2u
40,nazl2e97
40,x14kaobj
40,78gc7w01
40,8r6u3e3i
40,xkoqgxrl
40,fw4pmaoc
40,8eian8tz
40,v7qzr5q9
40,awi7bnsc
40,06vlesc7
40,vjfquvlu
40,yc0fbuxl
40,gdxfyplo
40,3h1o0oz3
40,ywhu66o7
40,3eu9umx5
40,594qzvsk
40,lj8t52yl
40,z94utwbk
40,ppphr5j4
40,9uro5rki
40,0gmtnkbh
40,ttte21up
40,h1aiuc6m
40,73b58lcm
40,rsp9x9ve
40,4s00a1x2
40,1dtvzdtt
40,covwyddp
40,k90of0me
40,ow2aijmj
40,0nh58odf
40,c84licip
40,cyijutq7
40,amzmyqys
40,qiuf2okb
40,penzacou
40,vu9b8w7o
40,06e3vxu9
40,rloey02j
40,d0eynz67
40,jpyqw6bn
40,u2n10ebx
40,zguy9ba7
40,nuqx3tv6
40,1a4l1beo
40,xetzg7gp
40,vqiipbo8
40,se70hzdt
40,v1p4ut66
40,8lbznr71
40,vqtx98xm
40,4sltubqk
40,wk63bmgn
40,yn8nzezq
40,h8abjsxr
40,kx7ybq42
40,yk60ol95
40,5h7qyn1g
40,0gier0lu
40,p010tntb
40,aaht8rq0
40,j6y806qu
40,nf1aucay
40,1gsy43a0
40,trw1erpj
40,we550ait
40,vzel6r43
40,af18f756
